region,fed_district,pb_count_sum,elites,inst_qual_17,pr_quan_avg,budg_bal_avg,cbf_budg_tr_share_avg,soc_sp_pc_ria_avg,tci_avg,hdi_16,total_eff,pb_count_mean,project_cost_tot,project_cost_mean,covid_kk_avg,pop_avg,area,bur_ov_avg,ethnic_rus,public_ent_share,ict_sp_avg,corrupt,pb_count_19,pb_count_20,pb_count_21,project_cost_19,project_cost_20,project_cost_21,budg_bal_19,budg_bal_20,budg_bal_21,cbf_budg_tr_share_19,cbf_budg_tr_share_20,cbf_budg_tr_share_21,soc_sp_pc_ria_19,soc_sp_pc_ria_20,soc_sp_pc_ria_21,tci_19,tci_20,tci_21
Adygea,Southern,13,2,12.8,1.0,-1.909,37.76,52895.0,33.346,83.2,52.8,4.333,17059314.0,5260300.667,1220.0,463.0,7.8,3689.5,63.64,16.456,327.267,2,4,9,0,5233541.0,10547361.0,0.0,-1.583,-2.235,-2.459,34.743,40.778,44.855,46720.0,51392.0,59070.0,33.649,33.043,36.347
Altai_K,Siberian,61,3,1.9,4.444,2.102,32.477,47845.0,46.277,83.5,60.6,20.333,62725145.0,20908381.667,8634.5,2306.5,168.0,15803.5,93.93,10.712,1161.633,3,6,24,31,8062990.0,21756070.0,32906085.0,0.348,3.855,4.241,29.855,35.099,38.609,41370.0,45507.0,54320.0,45.843,46.71,51.381
Altai_R,Siberian,7,2,19.2,,0.325,55.905,47875.0,38.147,82.4,46.1,2.333,7999397.0,2666465.667,524.5,220.5,92.9,2572.5,56.63,17.241,344.133,2,0,4,3,0.0,6372903.0,1626494.0,2.695,-2.046,-2.25,56.604,55.206,60.727,42000.0,46200.0,53750.0,32.342,43.951,48.346
Amur,Far Eastern,42,3,8.6,4.143,4.2,11.733,55600.0,47.331,84.0,60.7,14.0,68577947.0,22859315.667,2812.5,786.0,361.9,7495.0,94.33,15.216,491.1,3,4,20,18,5889158.0,27063018.0,35625771.0,6.396,2.004,2.204,10.305,13.161,14.477,44350.0,48785.0,66850.0,40.069,54.592,60.052
Arkhangelsk,Northwestern,4,4,7.7,5.111,-4.866,20.871,47740.0,56.712,85.7,35.6,1.333,2996720.0,998906.667,3693.5,1087.5,413.1,9833.5,93.58,11.518,1201.6,3,2,2,0,2912700.0,84020.0,0.0,3.607,-13.34,-14.674,15.001,26.741,29.415,40570.0,44627.0,54910.0,56.427,56.997,62.697
Astrakhan,Southern,1,3,4.8,6.25,2.751,19.094,55775.0,66.316,86.9,62.0,0.333,824344.0,274781.333,3774.0,1002.0,49.0,6023.0,67.57,12.576,362.8,2,0,0,1,0.0,0.0,824344.0,8.311,-2.809,-3.09,13.13,25.057,27.563,46820.0,51502.0,64730.0,61.159,71.473,78.62
Bashkortostan,Volga,172,3,5.8,5.375,-10.546,18.458,47905.0,50.184,85.9,69.1,57.333,200066150.0,66688716.667,15499.5,4026.0,142.9,21445.5,36.05,10.019,2145.833,2,41,66,65,51003825.0,67717224.0,81345101.0,-6.813,-14.279,-15.707,13.146,23.77,26.147,43410.0,47751.0,52400.0,54.165,46.203,50.823
Belgorod,Central,9,2,3.8,1.0,-0.295,12.043,64995.0,43.644,89.6,73.6,3.0,23854401.0,7951467.0,5740.5,1545.0,27.1,9856.0,94.37,9.807,1292.733,3,0,0,9,0.0,0.0,23854401.0,-0.772,0.182,0.2,9.681,14.406,15.846,54690.0,60159.0,75300.0,42.952,44.336,48.77
Bryansk,Central,6,2,1.9,2.333,1.345,29.2,48310.0,46.578,83.9,59.0,2.0,12047448.0,4015816.0,4727.5,1188.0,34.9,8394.0,96.7,17.16,375.0,2,2,2,2,6439342.0,3274979.0,2333127.0,1.306,1.384,1.522,27.41,30.991,34.09,40290.0,44319.0,56330.0,42.341,50.816,55.897
Buryatia,Far Eastern,13,3,2.9,1.875,-1.324,41.888,54295.0,46.163,82.6,43.1,4.333,5812343.0,1937447.667,2192.5,986.0,351.3,7144.5,66.05,14.21,629.5,3,0,0,13,0.0,0.0,5812343.0,-0.604,-2.045,-2.249,39.177,44.599,49.059,45870.0,50457.0,62720.0,45.078,47.249,51.974
Chechnya,North Caucasian,,2,4.8,1.0,-0.555,64.512,75960.0,51.795,80.0,71.0,,,,2840.5,1488.5,15.6,8541.5,1.9,24.824,442.333,3,,,,,,,-0.217,-0.894,-0.984,65.572,63.452,69.797,61830.0,68013.0,90090.0,48.972,54.619,60.081
Chelyabinsk,Ural,22,3,1.0,11.3,-6.186,13.234,57315.0,57.707,86.8,66.5,7.333,92846300.0,30948766.667,13659.0,3454.5,88.5,19101.0,83.8,7.708,1849.567,3,3,5,14,2294770.0,3600.0,90547930.0,-0.552,-11.82,-13.003,9.521,16.947,18.641,49700.0,54670.0,64930.0,54.329,61.085,67.194
Chukotka,Far Eastern,,3,19.2,,4.411,28.663,23205.0,60.878,85.8,66.3,,,,50.5,49.5,721.5,1339.5,52.49,35.669,381.433,3,,,,,,,0.61,8.213,9.034,27.488,29.839,32.822,17500.0,19250.0,28910.0,62.229,59.527,65.479
Chuvashia,Volga,35,3,2.9,2.75,4.009,31.91,47655.0,39.57,84.3,56.0,11.667,48981445.0,16327148.333,4753.0,1213.0,18.3,7237.0,26.86,12.678,452.033,5,5,22,8,6633550.0,32127346.0,10220549.0,7.304,0.715,0.786,29.141,34.68,38.147,40010.0,44011.0,55300.0,39.707,39.433,43.377
Crimea,Southern,1,,1.9,2.0,0.398,59.453,62475.0,60.338,81.7,65.9,0.333,1180000.0,393333.333,7170.0,1906.5,26.1,14898.5,62.86,10.287,952.933,,0,0,1,0.0,0.0,1180000.0,0.145,0.65,0.715,62.618,56.288,61.916,52740.0,58014.0,72210.0,58.136,62.54,68.794
Dagestan,North Caucasian,,2,1.4,5.0,2.401,59.561,44245.0,42.793,83.9,57.0,,,,5326.0,3122.0,50.3,12758.5,3.6,24.364,1171.9,1,,,,,,,3.849,0.953,1.049,58.697,60.425,66.467,35670.0,39237.0,52820.0,37.074,48.512,53.363
Ingushetia,North Caucasian,,2,1.3,3.0,0.619,67.695,64015.0,40.069,82.4,40.4,,,,632.0,511.5,3.6,3334.5,0.78,14.669,354.567,2,,,,,,,2.444,-1.206,-1.327,69.306,66.084,72.692,48510.0,53361.0,79520.0,37.178,42.96,47.256
Irkutsk,Siberian,16,3,17.3,6.3,-6.26,11.543,65570.0,49.755,86.5,48.4,5.333,52760239.0,17586746.333,8107.0,2383.0,774.8,19108.0,91.41,11.368,979.067,2,0,9,7,0.0,19474035.0,33286204.0,-5.74,-6.781,-7.459,8.19,14.896,16.385,62480.0,68728.0,68660.0,49.503,50.006,55.007
Ivanovo,Central,23,3,5.8,1.5,3.202,33.091,43615.0,45.355,82.1,58.4,7.667,15091545.0,5030515.0,3219.0,992.0,21.4,7029.5,95.58,8.058,356.333,3,0,6,17,0.0,6088800.0,9002745.0,2.973,3.431,3.774,29.179,37.004,40.704,35530.0,39083.0,51700.0,35.462,55.247,60.772
Jewish,Far Eastern,,1,8.6,1.0,1.179,34.648,59485.0,32.334,80.1,45.9,,,,597.5,157.5,36.3,2211.0,92.74,22.069,205.067,3,,,,,,,-0.736,3.094,3.403,30.613,38.683,42.551,46500.0,51150.0,72470.0,34.561,30.107,33.118
Kabardino-Balkaria,North Caucasian,5,2,4.8,1.333,4.97,50.967,48360.0,58.8,82.0,51.7,1.667,4000000.0,1333333.333,2059.5,868.5,12.5,5342.0,22.52,15.127,353.933,2,0,5,0,0.0,4000000.0,0.0,6.212,3.728,4.101,49.114,52.82,58.102,37950.0,41745.0,58770.0,56.097,61.503,67.653
Kaliningrad,Northwestern,9,3,21.6,11.778,0.384,12.411,53745.0,57.748,86.6,63.1,3.0,961169955.0,320389985.0,3019.0,1016.0,15.1,8090.0,86.43,4.464,1368.567,3,0,6,3,0.0,595846243.0,365323712.0,0.664,0.104,0.115,10.518,14.304,15.735,45720.0,50292.0,61770.0,60.46,55.036,60.54
Kalmykia,Southern,4,2,8.6,1.5,-5.565,43.756,61825.0,38.508,84.5,43.4,1.333,1255535.0,418511.667,772.5,270.5,74.7,3441.0,30.21,32.563,413.367,1,0,1,3,0.0,366564.0,888971.0,-2.249,-8.88,-9.768,45.097,42.414,46.655,54030.0,59433.0,69620.0,24.264,52.751,58.026
Kaluga,Central,115,4,5.8,2.0,-2.093,8.896,58090.0,51.006,86.3,73.8,38.333,101544340.0,33508670.0,3807.0,1002.0,29.8,8417.0,93.08,10.948,1040.867,4,32,47,36,29036493.0,37435813.0,34053704.0,1.414,-5.601,-6.161,5.269,12.523,13.775,51180.0,56298.0,65000.0,46.488,55.525,61.077
Kamchatka,Far Eastern,,3,1.9,2.0,-1.536,46.675,31690.0,57.887,84.5,66.9,,,,815.5,312.5,464.3,4395.5,85.92,13.007,413.267,2,,,,,,,-1.564,-1.509,-1.66,45.722,47.628,52.39,27900.0,30690.0,35480.0,57.129,58.644,64.508
Karachay-Cherkessia,North Caucasian,,2,5.8,1.25,0.728,61.428,48855.0,42.315,81.7,54.1,,,,1284.5,465.5,14.3,4468.0,31.63,18.362,262.2,2,,,,,,,1.134,0.322,0.355,62.806,60.051,66.056,42380.0,46618.0,55330.0,46.392,38.237,42.061
Karelia,Northwestern,13,3,11.5,2.333,-4.165,31.342,50480.0,56.604,85.2,41.9,4.333,92289213.0,30763071.0,2632.0,611.5,180.5,5873.0,82.19,8.478,470.933,4,0,12,1,0.0,91719213.0,570000.0,1.686,-10.017,-11.019,29.54,33.144,36.458,41910.0,46101.0,59050.0,55.506,57.701,63.471
Kemerovo,Siberian,5,2,3.2,2.286,-11.076,13.817,59060.0,42.947,84.8,61.9,1.667,7392241.0,2464080.333,7831.5,2646.0,95.7,16683.5,93.7,12.021,1144.267,3,0,2,3,0.0,2809207.0,4583034.0,-1.428,-20.724,-22.797,8.42,19.214,21.136,52540.0,57794.0,65580.0,39.168,46.726,51.399
Khabarovsk,Far Eastern,13,3,7.2,2.111,-2.882,14.366,51970.0,56.258,85.7,55.2,4.333,13227488.0,4409162.667,4133.0,1308.5,787.6,12612.5,91.81,8.382,1424.5,3,0,11,2,0.0,12366320.0,861168.0,-3.02,-2.745,-3.019,11.291,17.441,19.185,45210.0,49731.0,58730.0,49.079,63.437,69.781
Khakassia,Siberian,1,2,4.8,2.125,-4.456,25.929,53800.0,41.781,84.8,42.8,0.333,1885310.0,628436.667,1518.0,533.0,61.6,4358.5,81.66,17.811,254.333,2,0,1,0,0.0,1885310.0,0.0,2.996,-11.907,-13.098,19.649,32.208,35.429,43940.0,48334.0,63660.0,34.178,49.383,54.321
Khanty-Mansi,Ural,131,3,8.6,3.0,-0.437,1.064,84945.0,79.935,90.8,66.3,43.667,331095176.0,110365058.667,3458.5,1681.5,534.8,13565.5,68.1,7.698,2193.4,3,15,55,61,13489940.0,76450694.0,241154542.0,2.246,-3.12,-3.432,0.793,1.336,1.469,80050.0,88055.0,89840.0,70.959,88.911,97.802
Kirov,Volga,98,3,2.9,12.7,1.524,27.364,45810.0,39.374,84.9,59.6,32.667,110365179.0,36788393.0,4868.5,1256.5,120.4,10706.5,91.88,13.034,684.267,3,88,2,8,94703271.0,1051881.0,14610027.0,2.357,0.69,0.759,24.558,30.17,33.188,39110.0,43021.0,52510.0,36.35,42.399,46.638
Komi,Northwestern,14,4,5.8,1.571,-4.116,9.93,56535.0,57.475,88.2,56.9,4.667,8061176.0,2687058.667,2514.0,817.5,416.8,7066.0,65.08,14.56,936.5,3,7,3,4,4994600.0,1348576.0,1718000.0,3.698,-11.93,-13.123,4.087,15.773,17.351,49900.0,54890.0,63170.0,59.498,55.452,60.997
Kostroma,Central,9,2,8.6,1.0,3.048,28.422,49200.0,37.135,84.3,58.8,3.0,18514496.0,6171498.667,2609.5,630.5,60.2,5853.5,96.6,16.704,149.467,3,0,9,0,0.0,18514496.0,0.0,4.56,1.535,1.688,26.299,30.545,33.599,43160.0,47476.0,55240.0,38.663,35.608,39.169
Krasnodar,Southern,184,3,1.9,10.2,4.18,11.142,52210.0,51.164,86.8,66.3,61.333,933795140.0,311265046.667,21628.0,5680.0,75.5,33531.0,88.25,8.403,3778.867,2,14,61,109,28692389.0,704317523.0,200785228.0,8.602,-0.242,-0.266,6.978,15.306,16.836,45640.0,50204.0,58780.0,46.848,55.479,61.027
Krasnoyarsk,Siberian,25,4,25.6,5.444,6.548,7.156,58995.0,45.137,88.5,65.5,8.333,24877779.0,8292593.0,9107.5,2861.0,2366.8,22366.5,91.32,9.873,1639.433,4,13,2,10,15178832.0,3290049.0,6408898.0,11.617,1.478,1.626,5.665,8.648,9.513,51770.0,56947.0,66220.0,41.921,48.352,53.188
Kurgan,Ural,,1,1.4,4.125,-0.622,40.342,49570.0,,83.2,47.5,,,,3270.5,823.0,71.5,7001.0,92.47,21.544,377.233,3,,,,,,,0.211,-1.455,-1.6,40.29,40.394,44.434,44110.0,48521.0,55030.0,,,
Kursk,Central,4,1,3.8,,1.012,15.463,58150.0,46.712,87.3,61.0,1.333,10541229.0,3513743.0,5226.0,1100.5,30.0,8923.0,96.48,18.753,888.5,3,0,4,0,0.0,10541229.0,0.0,1.496,0.528,0.581,13.941,16.985,18.683,48340.0,53174.0,67960.0,54.012,39.412,43.353
Leningrad,Northwestern,255,4,17.3,2.75,-2.689,3.711,71280.0,84.034,85.5,70.7,85.0,363556699.0,121185566.333,7273.0,1884.5,83.9,11669.5,92.75,8.072,1908.067,3,35,89,131,57426912.0,105963233.0,200166554.0,0.971,-6.348,-6.983,3.118,4.304,4.734,64780.0,71258.0,77780.0,,,
Lipetsk,Central,12,3,2.6,2.0,-2.789,12.515,54780.0,45.711,87.7,65.9,4.0,48770953.0,16256984.333,5984.0,1133.5,24.0,7491.5,96.26,12.622,584.8,3,0,8,4,0.0,39389476.0,9381477.0,-5.098,-0.48,-0.528,8.734,16.296,17.925,49390.0,54329.0,60170.0,49.537,41.885,46.073
Magadan,Far Eastern,,3,5.8,1.0,0.524,19.299,44190.0,69.025,89.3,66.4,,,,334.5,139.5,462.5,3210.0,84.13,15.688,297.1,3,,,,,,,-0.227,1.276,1.403,19.339,19.259,21.185,36480.0,40128.0,51900.0,61.279,76.771,84.448
Mari El,Volga,2,2,1.0,1.5,2.506,32.485,44580.0,32.755,84.2,53.1,0.667,1593533.0,531177.667,2617.0,677.0,23.4,4963.0,47.4,13.68,338.033,3,0,2,0,0.0,1593533.0,0.0,4.74,0.271,0.298,27.971,37.0,40.7,35780.0,39358.0,53380.0,30.044,35.467,39.014
Mordovia,Volga,,1,1.0,4.9,2.941,26.08,50305.0,30.327,85.3,66.0,,,,3668.0,784.5,26.1,5960.0,53.36,25.623,986.367,2,,,,,,,2.848,3.033,3.337,21.939,30.22,33.242,40870.0,44957.0,59740.0,33.806,26.848,29.533
Moscow,Central,,3,5.8,169.1,-3.367,0.024,115785.0,91.237,95.2,70.4,,,,41696.0,12666.5,2.6,53922.0,91.65,1.15,80475.133,2,,,,,,,-2.018,-4.717,-5.189,0.013,0.036,0.039,97850.0,107635.0,133720.0,87.346,95.129,104.642
Moscow_O,Central,9,3,11.5,16.3,-10.484,3.868,77350.0,91.237,87.3,66.4,3.0,12018810082.0,4006270027.333,28260.0,7699.5,44.3,29681.0,92.92,4.472,8334.4,2,0,3,6,0.0,2802940.0,12016007142.0,-10.064,-10.903,-11.993,1.762,5.974,6.571,72030.0,79233.0,82670.0,,,
Murmansk,Northwestern,6,3,23.0,7.625,2.432,8.73,62050.0,73.093,86.4,60.2,2.0,10973536.0,3657845.333,2442.0,737.0,144.9,6944.0,88.97,12.261,754.767,3,0,6,0,0.0,10973536.0,0.0,3.327,1.536,1.69,8.324,9.136,10.049,54080.0,59488.0,70020.0,71.174,75.012,82.513
Nenets,Northwestern,2,2,21.6,,-2.491,8.095,65620.0,,89.3,67.6,0.667,1295090.0,431696.667,115.5,44.0,176.8,857.0,63.31,26.282,506.667,2,0,2,0,0.0,1295090.0,0.0,0.984,-5.966,-6.562,3.793,12.397,13.637,63300.0,69630.0,67940.0,,,
Nizhny Novgorod,Volga,41,5,8.6,8.8,-2.423,11.909,57175.0,54.424,86.3,66.1,13.667,222762010.0,74254003.333,13113.5,3190.0,76.6,22046.5,95.15,7.606,1970.833,3,0,12,29,0.0,125134350.0,97627660.0,-0.367,-4.478,-4.926,8.127,15.691,17.26,49360.0,54296.0,64990.0,56.412,52.435,57.679
North Ossetia,North Caucasian,,2,5.8,4.0,1.842,45.544,53470.0,50.462,84.4,40.7,,,,2147.5,695.0,8.0,5457.5,20.82,15.82,398.433,2,,,,,,,2.579,1.106,1.217,44.559,46.529,51.182,45410.0,49951.0,61530.0,40.51,60.413,66.454
Novgorod,Northwestern,41,3,19.2,,-3.35,18.677,49905.0,36.301,86.1,60.0,13.667,28446542.0,9482180.667,2368.0,594.5,54.5,4845.5,95.06,15.251,365.633,3,23,13,5,20185734.0,7719808.0,541000.0,-0.656,-6.043,-6.647,14.592,22.762,25.038,43970.0,48367.0,55840.0,36.04,36.562,40.218
Novosibirsk,Siberian,38,4,21.6,11.0,-3.066,13.188,60935.0,56.81,87.7,46.5,12.667,40391249.0,13463749.667,9487.0,2792.0,177.8,18525.0,93.1,5.519,3373.9,3,0,22,16,0.0,19959085.0,20432164.0,-4.252,-1.88,-2.067,9.712,16.665,18.331,52770.0,58047.0,69100.0,56.891,56.73,62.403
Omsk,Siberian,3,2,4.8,9.0,-0.458,19.46,51300.0,53.677,87.2,61.2,1.0,2109261.0,703087.0,7909.5,1915.5,141.1,12756.0,85.83,10.187,801.6,3,0,0,3,0.0,0.0,2109261.0,0.28,-1.195,-1.315,17.817,21.102,23.212,42500.0,46750.0,60100.0,53.424,53.93,59.323
Orenburg,Volga,82,3,2.9,5.333,-0.365,16.015,49665.0,70.552,87.0,61.0,27.333,76399408.0,25466469.333,9255.5,1950.0,123.7,12693.5,75.88,16.092,765.3,3,17,42,23,15654827.0,40640141.0,20104440.0,0.929,-1.66,-1.826,11.617,20.413,22.454,44310.0,48741.0,55020.0,71.777,69.328,76.26
Oryol,Central,6,3,8.6,5.0,-1.747,26.479,47285.0,36.385,86.1,57.1,2.0,10586904.0,3528968.0,3173.5,729.5,24.7,6285.5,93.91,17.276,492.467,2,0,3,3,0.0,6071716.0,4515188.0,-0.24,-3.254,-3.579,24.683,28.275,31.103,40780.0,44858.0,53790.0,35.376,37.393,41.133
Penza,Volga,,2,2.9,19.9,-0.937,26.114,46480.0,49.663,85.3,59.6,,,,6040.0,1298.5,43.4,8474.0,86.8,13.358,574.467,3,,,,,,,-1.515,-0.359,-0.395,24.798,27.43,30.173,40970.0,45067.0,51990.0,49.376,49.95,54.944
Perm,Volga,62,5,8.6,5.111,-3.375,11.257,50845.0,46.234,86.6,60.6,20.0,67673430.0,21653520.333,8616.5,2589.0,160.2,18271.0,87.11,6.382,4113.933,3,36,20,4,34100992.0,26883914.0,3975655.0,5.133,-11.884,-13.073,5.427,17.088,18.797,44640.0,49104.0,57050.0,41.478,50.99,56.089
Primorsky,Far Eastern,24,2,21.6,10.8,-3.369,15.471,47795.0,53.256,84.8,59.9,8.0,143264169.0,47754723.0,5080.0,1887.0,164.7,14722.5,92.52,5.883,2024.367,2,0,3,21,0.0,89214214.0,54049955.0,1.34,-8.078,-8.886,11.944,18.999,20.899,40890.0,44979.0,54700.0,50.303,56.209,61.83
Pskov,Northwestern,,3,2.9,5.6,-3.855,28.264,47020.0,45.191,82.2,59.0,,,,2450.0,623.0,55.4,6524.0,95.01,10.988,246.533,3,,,,,,,-1.193,-6.517,-7.169,25.023,31.505,34.656,40730.0,44803.0,53310.0,42.658,47.724,52.497
Rostov,Southern,44,2,1.9,8.222,-1.965,14.626,50995.0,60.962,85.9,68.9,14.667,75120481.0,25040160.333,16836.0,4189.5,101.0,27597.0,90.34,9.608,1216.467,2,0,28,16,0.0,39967178.0,35153303.0,-2.246,-1.683,-1.851,11.486,17.767,19.543,44030.0,48433.0,57960.0,57.2,64.724,71.197
Ryazan,Central,4,3,2.9,9.714,-0.488,17.772,52110.0,39.618,86.2,56.2,1.333,11051151.0,3683717.0,5438.0,1103.5,39.6,8341.0,95.11,10.575,675.567,2,1,1,2,6154149.0,1865000.0,3032002.0,0.597,-1.574,-1.731,16.088,19.457,21.403,45520.0,50072.0,58700.0,25.719,53.518,58.869
Sakhalin,Far Eastern,45,4,9.6,2.333,-4.166,1.108,106865.0,54.486,88.6,70.4,15.0,367253111.0,122417703.667,1204.5,486.5,87.1,6073.0,86.46,10.687,2223.567,3,17,19,9,140870285.0,201292446.0,25090380.0,0.644,-8.975,-9.873,0.802,1.414,1.556,106290.0,116919.0,107440.0,53.868,55.103,60.613
Samara,Volga,24,4,4.8,30.667,2.214,7.461,56750.0,62.49,87.4,66.4,8.0,53791211.0,17930403.667,14020.0,3166.5,53.6,18831.5,85.55,4.623,3306.4,3,5,4,15,2281001.0,5977541.0,45532669.0,3.466,0.962,1.058,4.864,10.058,11.064,48710.0,53581.0,64790.0,56.206,68.774,75.651
Saratov,Volga,41,3,0.6,3.7,-1.53,24.083,51865.0,59.021,85.8,60.5,13.667,59116539.0,19415446.333,11820.5,2408.5,101.2,14451.5,87.55,12.763,715.833,2,12,18,11,14095395.0,24248703.0,19902241.0,-0.69,-2.371,-2.608,19.614,28.552,31.407,43540.0,47894.0,60190.0,59.566,58.476,64.324
Sevastopol,Southern,,,8.6,1.0,-0.673,48.498,69495.0,58.155,82.0,57.2,,,,1392.5,479.5,0.9,3870.5,77.07,4.278,823.467,,,,,,,,-6.014,4.668,5.135,50.346,46.651,51.316,55050.0,60555.0,83940.0,60.379,55.931,61.525
Smolensk,Central,1,2,11.5,2.5,0.141,17.072,44105.0,52.821,84.0,57.3,0.333,1879027.0,626342.333,3646.0,928.0,49.8,8118.0,94.66,12.259,951.3,2,0,0,1,0.0,0.0,1879027.0,0.966,-0.684,-0.753,14.924,19.22,21.142,39010.0,42911.0,49200.0,55.967,49.675,54.643
St. Petersburg,Northwestern,7,4,9.6,60.0,-3.646,1.062,103370.0,84.034,93.5,67.3,2.333,89185790.0,29728596.667,20253.5,5391.0,1.4,26819.0,92.48,1.935,18276.467,3,4,2,1,55460790.0,32895000.0,830000.0,-1.665,-5.627,-6.19,0.458,1.665,1.832,93430.0,102773.0,113310.0,81.805,86.263,94.89
Stavropol,North Caucasian,96,3,7.7,2.375,0.118,29.829,45550.0,44.727,84.0,57.2,32.0,379611788.0,126537262.667,8208.0,2798.0,66.2,18198.5,80.89,13.397,681.133,2,20,42,34,101066292.0,149414381.0,129131115.0,0.062,0.174,0.192,26.271,33.387,36.725,39670.0,43637.0,51430.0,37.824,51.631,56.794
Sverdlovsk,Ural,59,3,20.5,18.3,-6.49,6.732,66420.0,56.958,87.7,59.5,19.333,256052305.0,85098347.0,16151.5,4300.5,194.3,26136.0,90.65,6.252,2901.2,3,14,18,26,13693056.0,222105947.0,19496038.0,-4.528,-8.451,-9.297,3.74,9.725,10.697,58120.0,63932.0,74720.0,55.53,58.385,64.224
Tambov,Central,1,3,5.8,9.286,-2.639,31.768,45275.0,48.227,86.3,62.7,0.333,16000.0,5333.333,4458.5,1001.0,34.5,8097.0,96.99,17.593,490.4,3,0,0,1,0.0,0.0,16000.0,-4.982,-0.296,-0.326,29.908,33.629,36.992,39090.0,42999.0,51460.0,46.719,49.735,54.709
Tatarstan,Volga,2,3,1.9,5.375,-1.008,8.654,63730.0,63.825,90.5,67.1,0.667,290278.0,96759.333,14921.0,3898.5,67.8,21324.5,39.71,8.824,3131.2,3,0,2,0,0.0,290278.0,0.0,4.422,-6.438,-7.082,3.779,13.529,14.881,56940.0,62634.0,70520.0,58.226,69.425,76.368
Tomsk,Siberian,,3,7.2,5.0,-7.997,18.021,47335.0,48.129,89.1,56.7,,,,3443.5,1075.0,314.4,8262.5,88.1,7.189,335.233,3,,,,,,,-4.363,-11.631,-12.795,13.369,22.673,24.941,41200.0,45320.0,53470.0,48.81,47.449,52.193
Tula,Central,11,3,11.5,2.5,-1.838,10.328,59235.0,76.279,85.8,71.4,3.667,803476940.0,267825646.667,6148.0,1457.5,25.7,7539.0,95.31,8.201,1873.4,3,1,2,8,698000000.0,12153056.0,93323884.0,-1.526,-2.151,-2.366,7.296,13.361,14.697,51120.0,56232.0,67350.0,76.157,76.402,84.042
Tuva,Siberian,1,2,1.4,1.0,-0.824,61.311,52025.0,59.374,78.6,47.7,0.333,2800000.0,933333.333,495.5,328.5,168.6,3497.5,16.27,38.451,412.0,2,0,0,1,0.0,0.0,2800000.0,-0.991,-0.656,-0.722,64.366,58.256,64.081,41890.0,46079.0,62160.0,47.329,71.418,78.56
Tver,Central,55,3,4.8,3.75,3.839,15.024,47320.0,34.59,83.9,63.7,18.333,72492297.0,24164099.0,4955.0,1253.0,84.2,9132.0,86.6,12.452,454.433,2,1,30,24,9365172.0,31787606.0,31339519.0,4.73,2.947,3.242,13.051,16.997,18.696,40310.0,44341.0,54330.0,39.108,30.073,33.08
Tyumen,Ural,1,4,2.9,3.0,-5.922,1.454,87025.0,49.528,90.8,79.6,0.333,1493000.0,497666.667,4229.5,1540.5,160.1,10918.5,83.78,5.062,2759.4,3,0,0,1,0.0,0.0,1493000.0,7.728,-19.571,-21.528,1.154,1.753,1.929,79780.0,87758.0,94270.0,48.158,50.898,55.988
Udmurtia,Volga,150,3,2.9,9.143,-8.716,20.912,56230.0,43.184,87.1,52.9,50.0,118306188.0,39435396.0,4977.5,1497.5,42.1,9351.0,62.22,9.883,678.9,3,29,26,95,30093389.0,15494356.0,72718443.0,-1.727,-15.705,-17.276,16.671,25.153,27.668,49020.0,53922.0,63440.0,39.962,46.406,51.047
Ulyanovsk,Volga,62,3,2.9,8.111,-7.408,14.79,54500.0,38.313,84.8,51.1,20.667,92500727.0,30073104.0,5542.5,1224.0,37.2,6962.0,73.58,10.301,461.233,3,11,8,43,17837252.0,4105848.0,68276212.0,-3.634,-11.182,-12.3,11.675,17.904,19.694,45920.0,50512.0,63080.0,35.623,41.002,45.102
Vladimir,Central,14,3,13.0,2.0,1.409,16.976,53205.0,50.02,84.3,54.2,4.667,33018545.0,11006181.667,5904.5,1350.0,29.1,8377.0,95.58,11.647,402.933,3,0,1,13,0.0,5857423.0,27161122.0,0.474,2.343,2.578,15.353,18.6,20.46,45560.0,50116.0,60850.0,50.187,49.854,54.839
Volgograd,Southern,20,3,8.6,8.8,-0.354,20.5,46190.0,56.665,85.9,47.7,6.667,16152043.0,5384014.333,10947.5,2483.0,112.9,16198.0,90.01,14.175,2092.433,3,0,11,9,0.0,12296768.0,3855275.0,1.323,-2.031,-2.234,18.643,22.357,24.593,38890.0,42779.0,53490.0,54.281,59.049,64.954
Vologda,Northwestern,67,3,11.5,2.5,4.4,13.153,59365.0,46.053,86.2,64.6,22.0,152127655.0,50575885.0,3574.0,1155.5,144.5,9088.0,97.27,7.981,1076.967,3,26,10,30,5923722.0,16504560.0,129299373.0,8.881,-0.081,-0.09,9.88,16.426,18.069,51460.0,56606.0,67270.0,45.281,46.824,51.506
Voronezh,Central,39,3,14.4,15.6,3.092,15.703,52775.0,58.802,87.3,67.1,13.0,108771368.0,36257122.667,10040.0,2315.0,52.2,11601.0,95.5,9.41,1640.1,3,16,14,9,43050135.0,44146157.0,21575076.0,1.109,5.074,5.582,13.919,17.488,19.237,46090.0,50699.0,59460.0,56.956,60.649,66.713
Yakutia,Far Eastern,71,3,21.6,2.2,-0.8,25.718,36950.0,56.268,89.7,65.9,23.667,227918347.0,75972782.333,2496.0,977.0,3083.5,9479.0,37.84,19.982,2998.733,3,30,28,13,76689423.0,116281435.0,34947489.0,-1.096,-0.504,-0.555,22.667,28.77,31.647,32750.0,36025.0,41150.0,51.468,61.069,67.175
Yamalo-Nenets,Ural,84,3,1.3,1.0,-1.005,0.417,88875.0,93.212,89.4,72.0,28.0,173387703.0,57795901.0,942.0,545.5,769.3,7316.0,61.7,15.376,2853.033,3,21,32,31,46917227.0,63345443.0,63125033.0,12.313,-14.322,-15.754,0.346,0.489,0.538,80200.0,88220.0,97550.0,94.097,92.327,101.559
Yaroslavl,Central,4,3,12.8,3.5,-1.397,10.464,57125.0,41.867,87.0,63.6,1.333,6546673.0,2182224.333,5267.0,1247.5,36.2,9888.0,95.97,7.022,904.833,3,0,0,4,0.0,0.0,6546673.0,-0.908,-1.885,-2.074,6.076,14.852,16.337,50310.0,55341.0,63940.0,37.805,45.929,50.522
Zabaykalsky,Far Eastern,8,3,5.8,4.714,-0.821,30.978,54485.0,29.003,82.2,58.8,2.667,1692989.0,564329.667,2742.5,1056.5,431.9,9142.0,89.91,24.299,399.967,3,0,0,8,0.0,0.0,1692989.0,2.132,-3.774,-4.151,30.397,31.558,34.714,45780.0,50358.0,63190.0,27.792,30.213,33.234
